BJD,FLUX,ERRFLUX,AIRMASS,SKY
    503.730305, 1.023611, 0.000260, 1.442,89334.
    503.731027, 1.026163, 0.000263, 1.440,86797.
    503.732471, 1.025501, 0.000261, 1.436,81979.
    503.733193, 1.024495, 0.000261, 1.435,79681.
    503.734637, 1.020465, 0.000259, 1.431,75146.
    503.735360, 1.023851, 0.000262, 1.430,72904.
    503.736805, 1.020761, 0.000262, 1.426,68706.
    503.737527, 1.018392, 0.000260, 1.425,66551.
    503.738249, 1.024032, 0.000265, 1.423,64475.
    503.738971, 1.022847, 0.000263, 1.421,62418.
    503.740416, 1.021511, 0.000257, 1.418,58417.
    503.742582, 1.021382, 0.000261, 1.413,52946.
    503.743304, 1.020425, 0.000258, 1.411,51251.
    503.744748, 1.019172, 0.000258, 1.408,47989.
    503.745471, 1.020277, 0.000258, 1.407,46431.
    503.746193, 1.020083, 0.000258, 1.405,44854.
    503.746915, 1.019364, 0.000258, 1.403,43293.
    503.747638, 1.020487, 0.000261, 1.402,41831.
    503.748360, 1.021503, 0.000262, 1.400,40402.
    503.749804, 1.019580, 0.000259, 1.397,37700.
    503.750526, 1.020619, 0.000262, 1.396,36357.
    503.751248, 1.018597, 0.000257, 1.394,35097.
    503.751971, 1.018120, 0.000256, 1.393,33850.
    503.752692, 1.013736, 0.000256, 1.391,32621.
    503.753415, 1.017366, 0.000258, 1.389,31419.
    503.754137, 1.018036, 0.000255, 1.388,30277.
    503.754859, 1.017967, 0.000257, 1.386,29137.
    503.755581, 1.017577, 0.000257, 1.385,28132.
    503.756303, 1.017009, 0.000258, 1.383,27099.
    503.757025, 1.016819, 0.000258, 1.382,26107.
    503.757748, 1.017945, 0.000259, 1.380,25186.
    503.758470, 1.016233, 0.000258, 1.379,24274.
    503.759192, 1.015036, 0.000259, 1.378,23346.
    503.759914, 1.019940, 0.000262, 1.376,22453.
    503.760636, 1.013606, 0.000264, 1.375,21491.
    503.761358, 1.016789, 0.000262, 1.373,20587.
    503.762080, 1.016608, 0.000262, 1.372,19763.
    503.762802, 1.015174, 0.000259, 1.370,18975.
    503.763525, 1.015812, 0.000256, 1.369,18219.
    503.764247, 1.015988, 0.000258, 1.367,17543.
    503.764970, 1.013142, 0.000259, 1.366,16809.
    503.765692, 1.016011, 0.000262, 1.365,16180.
    503.766414, 1.015033, 0.000263, 1.363,15447.
    503.767136, 1.013255, 0.000261, 1.362,14816.
    503.767858, 1.015223, 0.000262, 1.360,14186.
    503.768581, 1.015378, 0.000262, 1.359,13608.
    503.769303, 1.013432, 0.000260, 1.358,13107.
    503.770025, 1.014259, 0.000259, 1.356,12592.
    503.770748, 1.016257, 0.000261, 1.355,12049.
    503.771470, 1.014735, 0.000258, 1.354,11635.
    503.772192, 1.014650, 0.000258, 1.352,11236.
    503.772914, 1.012193, 0.000258, 1.351,10782.
    503.773636, 1.011538, 0.000255, 1.350,10368.
    503.774358, 1.013403, 0.000255, 1.348, 9953.
    503.775080, 1.013647, 0.000256, 1.347, 9559.
    503.775802, 1.013165, 0.000255, 1.346, 9163.
    503.776524, 1.011711, 0.000255, 1.344, 8745.
    503.777246, 1.012157, 0.000254, 1.343, 8380.
    503.777969, 1.011991, 0.000254, 1.342, 8000.
    503.778691, 1.012147, 0.000255, 1.340, 7674.
    503.779413, 1.012846, 0.000255, 1.339, 7307.
    503.780135, 1.011428, 0.000254, 1.338, 7039.
    503.780857, 1.012198, 0.000252, 1.337, 6734.
    503.781580, 1.011092, 0.000252, 1.335, 6476.
    503.782302, 1.010148, 0.000252, 1.334, 6233.
    503.783025, 1.012795, 0.000255, 1.333, 6032.
    503.783747, 1.011044, 0.000256, 1.332, 5805.
    503.784470, 1.010743, 0.000256, 1.330, 5600.
    503.785192, 1.010819, 0.000256, 1.329, 5369.
    503.785914, 1.011707, 0.000259, 1.328, 5087.
    503.786636, 1.008518, 0.000255, 1.327, 4888.
    503.787359, 1.008807, 0.000256, 1.325, 4713.
    503.788081, 1.008465, 0.000256, 1.324, 4426.
    503.788803, 1.009348, 0.000254, 1.323, 4194.
    503.789525, 1.010367, 0.000255, 1.322, 4113.
    503.790247, 1.011549, 0.000257, 1.321, 3931.
    503.790969, 1.010464, 0.000259, 1.319, 3796.
    503.791692, 1.008709, 0.000256, 1.318, 3653.
    503.792414, 1.010666, 0.000257, 1.317, 3480.
    503.793136, 1.009251, 0.000258, 1.316, 3346.
    503.793858, 1.008451, 0.000254, 1.315, 3217.
    503.794581, 1.009086, 0.000253, 1.314, 3098.
    503.795303, 1.007527, 0.000252, 1.313, 2984.
    503.796025, 1.008765, 0.000254, 1.311, 2891.
    503.796747, 1.007879, 0.000255, 1.310, 2779.
    503.797469, 1.007911, 0.000254, 1.309, 2731.
    503.798192, 1.007381, 0.000253, 1.308, 2611.
    503.798914, 1.007276, 0.000252, 1.307, 2485.
    503.799636, 1.006895, 0.000252, 1.306, 2386.
    503.800358, 1.008219, 0.000251, 1.305, 2242.
    503.801080, 1.006677, 0.000252, 1.304, 2170.
    503.801802, 1.007100, 0.000251, 1.303, 2109.
    503.802524, 1.007567, 0.000251, 1.302, 2034.
    503.803246, 1.005182, 0.000252, 1.300, 1965.
    503.803968, 1.005459, 0.000253, 1.299, 1896.
    503.804691, 1.004941, 0.000255, 1.298, 1827.
    503.805413, 1.005974, 0.000252, 1.297, 1807.
    503.806135, 1.006986, 0.000253, 1.296, 1749.
    503.806857, 1.007005, 0.000254, 1.295, 1653.
    503.807579, 1.004179, 0.000253, 1.294, 1634.
    503.808301, 1.004710, 0.000254, 1.293, 1618.
    503.809023, 1.005220, 0.000254, 1.292, 1606.
    503.809746, 1.004764, 0.000254, 1.291, 1525.
    503.810468, 1.004031, 0.000252, 1.290, 1420.
    503.811190, 1.003229, 0.000253, 1.289, 1389.
    503.811912, 1.004051, 0.000254, 1.288, 1364.
    503.812635, 1.003266, 0.000253, 1.287, 1337.
    503.813357, 1.003426, 0.000256, 1.286, 1332.
    503.814079, 1.003274, 0.000255, 1.285, 1292.
    503.814802, 1.003879, 0.000255, 1.284, 1282.
    503.815524, 1.003784, 0.000255, 1.283, 1217.
    503.816246, 1.003002, 0.000256, 1.282, 1176.
    503.816969, 1.001987, 0.000254, 1.281, 1202.
    503.817691, 1.003372, 0.000256, 1.280, 1216.
    503.818413, 1.003005, 0.000258, 1.280, 1220.
    503.819136, 1.002556, 0.000258, 1.279, 1202.
    503.819858, 1.003940, 0.000259, 1.278, 1151.
    503.820580, 1.004370, 0.000258, 1.277, 1155.
    503.821302, 1.003452, 0.000261, 1.276, 1146.
    503.822025, 1.001883, 0.000261, 1.275, 1144.
    503.822747, 1.000150, 0.000258, 1.274, 1124.
    503.823469, 1.000308, 0.000258, 1.273, 1069.
    503.824191, 1.001322, 0.000260, 1.272, 1048.
    503.824914, 1.002635, 0.000260, 1.271, 1021.
    503.825636, 1.000000, 0.000256, 1.271,  972.
    503.826358, 1.001578, 0.000260, 1.270,  976.
    503.827080, 0.999860, 0.000261, 1.269, 1007.
    503.827802, 0.999579, 0.000257, 1.268, 1011.
    503.828524, 1.001453, 0.000256, 1.267, 1007.
    503.829246, 0.999543, 0.000257, 1.266, 1053.
    503.829969, 0.999690, 0.000257, 1.266, 1054.
    503.830691, 1.000745, 0.000256, 1.265, 1084.
    503.831413, 1.000328, 0.000259, 1.264, 1073.
    503.832135, 0.998490, 0.000257, 1.263, 1076.
    503.832856, 0.997430, 0.000258, 1.262, 1043.
    503.833579, 0.997794, 0.000258, 1.261, 1033.
    503.834301, 0.998741, 0.000259, 1.261, 1041.
    503.835023, 0.997536, 0.000255, 1.260, 1024.
    503.835745, 0.996760, 0.000256, 1.259,  975.
    503.836467, 0.998563, 0.000255, 1.258,  990.
    503.837189, 0.999066, 0.000254, 1.258,  951.
    503.837911, 0.997188, 0.000255, 1.257,  921.
    503.838633, 0.996260, 0.000252, 1.256,  954.
    503.839355, 0.996890, 0.000253, 1.255,  990.
    503.840077, 0.997065, 0.000252, 1.255,  943.
    503.840799, 0.995602, 0.000252, 1.254,  945.
    503.841521, 0.995803, 0.000251, 1.253,  943.
    503.842244, 0.994741, 0.000251, 1.252,  934.
    503.842966, 0.994802, 0.000251, 1.252,  891.
    503.843688, 0.996048, 0.000251, 1.251,  979.
    503.844411, 0.996489, 0.000250, 1.250,  987.
    503.845132, 0.995726, 0.000253, 1.250,  971.
    503.845855, 0.996674, 0.000253, 1.249,  949.
    503.846576, 0.993859, 0.000253, 1.248,  962.
    503.847298, 0.994846, 0.000253, 1.247,  910.
    503.848020, 0.994176, 0.000252, 1.247,  887.
    503.848742, 0.994664, 0.000250, 1.246,  930.
    503.849465, 0.993450, 0.000253, 1.245,  914.
    503.850187, 0.993728, 0.000252, 1.245,  937.
    503.850909, 0.993680, 0.000253, 1.244,  965.
    503.851631, 0.992716, 0.000253, 1.244,  929.
    503.852353, 0.994799, 0.000252, 1.243,  951.
    503.853076, 0.992615, 0.000253, 1.242,  918.
    503.853798, 0.993361, 0.000252, 1.242,  915.
    503.854520, 0.991850, 0.000251, 1.241,  829.
    503.855242, 0.992853, 0.000251, 1.240,  848.
    503.855964, 0.992992, 0.000252, 1.240,  865.
    503.856686, 0.992234, 0.000250, 1.239,  889.
    503.857408, 0.993422, 0.000251, 1.239,  880.
    503.858131, 0.991929, 0.000250, 1.238,  909.
    503.858853, 0.990595, 0.000251, 1.237,  852.
    503.859575, 0.990700, 0.000252, 1.237,  830.
    503.860297, 0.992008, 0.000252, 1.236,  830.
    503.861020, 0.991967, 0.000252, 1.236,  849.
    503.861742, 0.990890, 0.000250, 1.235,  841.
    503.862464, 0.990764, 0.000251, 1.235,  866.
    503.863186, 0.989755, 0.000249, 1.234,  823.
    503.863908, 0.989447, 0.000249, 1.234,  826.
    503.864630, 0.988538, 0.000249, 1.233,  859.
    503.865352, 0.988079, 0.000249, 1.232,  843.
    503.866074, 0.988343, 0.000250, 1.232,  888.
    503.866796, 0.987540, 0.000249, 1.231,  812.
    503.867519, 0.987624, 0.000249, 1.231,  791.
    503.868241, 0.986636, 0.000249, 1.230,  805.
    503.868963, 0.987938, 0.000250, 1.230,  800.
    503.869685, 0.985484, 0.000250, 1.229,  791.
    503.870408, 0.985831, 0.000250, 1.229,  810.
    503.871130, 0.984612, 0.000251, 1.228,  839.
    503.871852, 0.984897, 0.000249, 1.228,  794.
    503.872575, 0.985141, 0.000251, 1.228,  808.
    503.873297, 0.982515, 0.000252, 1.227,  776.
    503.874019, 0.983356, 0.000251, 1.227,  810.
    503.874741, 0.983331, 0.000252, 1.226,  836.
    503.875464, 0.983671, 0.000251, 1.226,  859.
    503.876186, 0.982599, 0.000250, 1.225,  850.
    503.876908, 0.982881, 0.000249, 1.225,  861.
    503.877630, 0.983453, 0.000249, 1.224,  836.
    503.878352, 0.982247, 0.000249, 1.224,  854.
    503.879074, 0.983028, 0.000247, 1.224,  883.
    503.879797, 0.981686, 0.000249, 1.223,  831.
    503.880520, 0.981627, 0.000249, 1.223,  790.
    503.881242, 0.980771, 0.000249, 1.222,  814.
    503.881964, 0.980147, 0.000248, 1.222,  788.
    503.882686, 0.981202, 0.000249, 1.222,  814.
    503.883408, 0.981062, 0.000250, 1.221,  782.
    503.884130, 0.980347, 0.000249, 1.221,  821.
    503.884852, 0.979596, 0.000249, 1.221,  821.
    503.885574, 0.978425, 0.000249, 1.220,  838.
    503.886296, 0.978139, 0.000249, 1.220,  821.
    503.887018, 0.979086, 0.000247, 1.219,  832.
    503.887740, 0.978792, 0.000246, 1.219,  837.
    503.888462, 0.979820, 0.000247, 1.219,  905.
    503.889184, 0.979573, 0.000247, 1.218,  919.
    503.889906, 0.978190, 0.000247, 1.218,  867.
    503.890628, 0.978876, 0.000247, 1.218,  809.
    503.891350, 0.979535, 0.000247, 1.218,  803.
    503.892072, 0.980250, 0.000247, 1.217,  831.
    503.892794, 0.983843, 0.000249, 1.217,  878.
    503.893516, 0.986603, 0.000247, 1.217,  874.
    503.894239, 0.988745, 0.000251, 1.216,  890.
    503.894961, 0.987288, 0.000249, 1.216,  902.
    503.895683, 0.986339, 0.000248, 1.216,  950.
    503.896405, 0.985814, 0.000249, 1.215,  999.
    503.897127, 0.984530, 0.000249, 1.215,  946.
    503.897849, 0.982831, 0.000248, 1.215,  945.
    503.898571, 0.982362, 0.000250, 1.215,  875.
    503.899293, 0.980828, 0.000249, 1.214,  873.
    503.900016, 0.981889, 0.000249, 1.214,  884.
    503.900738, 0.979456, 0.000248, 1.214,  796.
    503.901460, 0.980303, 0.000250, 1.214,  802.
    503.902182, 0.978389, 0.000250, 1.214,  817.
    503.902904, 0.978017, 0.000249, 1.213,  783.
    503.903627, 0.978928, 0.000249, 1.213,  806.
    503.904349, 0.977915, 0.000249, 1.213,  834.
    503.905072, 0.977725, 0.000250, 1.213,  762.
    503.905794, 0.976024, 0.000249, 1.212,  730.
    503.906516, 0.975954, 0.000250, 1.212,  735.
    503.907238, 0.976672, 0.000250, 1.212,  715.
    503.907961, 0.975629, 0.000249, 1.212,  743.
    503.908683, 0.974626, 0.000250, 1.212,  747.
    503.909405, 0.973905, 0.000253, 1.212,  740.
    503.910127, 0.975571, 0.000250, 1.211,  710.
    503.910849, 0.973883, 0.000253, 1.211,  715.
    503.911571, 0.974558, 0.000252, 1.211,  677.
    503.912294, 0.973790, 0.000252, 1.211,  721.
    503.913016, 0.972984, 0.000253, 1.211,  781.
    503.913738, 0.972682, 0.000252, 1.211,  827.
    503.914460, 0.973303, 0.000252, 1.211,  771.
    503.915182, 0.974263, 0.000252, 1.211,  763.
    503.915904, 0.974620, 0.000250, 1.210,  792.
    503.916627, 0.972947, 0.000252, 1.210,  862.
    503.917349, 0.973555, 0.000251, 1.210,  816.
    503.918071, 0.972701, 0.000251, 1.210,  831.
    503.918793, 0.973265, 0.000252, 1.210,  868.
    503.919515, 0.971250, 0.000251, 1.210,  808.
    503.920237, 0.970021, 0.000250, 1.210,  777.
    503.920960, 0.969975, 0.000255, 1.210,  765.
    503.921682, 0.969848, 0.000255, 1.210,  840.
    503.922404, 0.969950, 0.000252, 1.210,  850.
    503.923126, 0.970480, 0.000251, 1.210,  769.
    503.923849, 0.969335, 0.000249, 1.210,  863.
    503.924571, 0.971464, 0.000251, 1.210,  900.
    503.925293, 0.968838, 0.000250, 1.210,  937.
    503.926015, 0.968344, 0.000250, 1.209,  910.
    503.926737, 0.969618, 0.000250, 1.209,  876.
    503.927460, 0.968890, 0.000249, 1.209,  825.
    503.928182, 0.969622, 0.000249, 1.209,  846.
    503.928904, 0.968309, 0.000249, 1.209,  880.
    503.929626, 0.969908, 0.000251, 1.209,  905.
    503.930348, 0.968166, 0.000251, 1.209,  965.
    503.931070, 0.967969, 0.000253, 1.209,  972.
    503.931792, 0.969358, 0.000250, 1.209,  967.
    503.932514, 0.967432, 0.000251, 1.209,  934.
    503.933236, 0.966910, 0.000249, 1.209,  877.
    503.933959, 0.967100, 0.000252, 1.210,  874.
    503.934680, 0.965962, 0.000251, 1.210,  905.
    503.935403, 0.965444, 0.000251, 1.210,  937.
    503.936125, 0.965998, 0.000250, 1.210,  953.
    503.936847, 0.967655, 0.000249, 1.210,  881.
    503.937569, 0.966410, 0.000247, 1.210,  866.
    503.938292, 0.966515, 0.000246, 1.210,  932.
    503.939014, 0.964797, 0.000246, 1.210,  921.
    503.939736, 0.966212, 0.000248, 1.210,  959.
    503.940458, 0.965811, 0.000250, 1.210,  972.
    503.941181, 0.965194, 0.000254, 1.210, 1014.
    503.941904, 0.964349, 0.000250, 1.210,  991.
    503.942627, 0.963265, 0.000247, 1.210,  927.
    503.943349, 0.964843, 0.000247, 1.211,  855.
    503.944071, 0.965069, 0.000247, 1.211,  828.
    503.944794, 0.964966, 0.000246, 1.211,  853.
    503.945516, 0.965428, 0.000246, 1.211,  831.
    503.946238, 0.965443, 0.000246, 1.211,  885.
    503.946960, 0.964639, 0.000245, 1.211,  849.
    503.947682, 0.965046, 0.000245, 1.211,  906.
    503.948404, 0.963208, 0.000245, 1.211,  869.
    503.949126, 0.963512, 0.000245, 1.212,  874.
    503.949848, 0.965618, 0.000247, 1.212,  850.
    503.950570, 0.963938, 0.000245, 1.212,  858.
    503.951292, 0.964170, 0.000247, 1.212,  922.
    503.952014, 0.964063, 0.000246, 1.212,  952.
    503.952736, 0.963617, 0.000247, 1.213,  914.
    503.953458, 0.963238, 0.000247, 1.213,  867.
    503.954181, 0.963207, 0.000247, 1.213,  917.
    503.954903, 0.962423, 0.000248, 1.213,  939.
    503.955625, 0.962594, 0.000248, 1.213, 1019.
    503.956347, 0.963373, 0.000247, 1.214,  988.
    503.957069, 0.964148, 0.000246, 1.214,  957.
    503.957791, 0.963782, 0.000246, 1.214,  892.
    503.958513, 0.963329, 0.000245, 1.214,  899.
    503.959236, 0.962159, 0.000246, 1.214,  899.
    503.959959, 0.963945, 0.000247, 1.215,  892.
    503.960681, 0.962316, 0.000246, 1.215,  864.
    503.961403, 0.963177, 0.000245, 1.215,  816.
    503.962125, 0.962031, 0.000245, 1.215,  877.
    503.962847, 0.961141, 0.000245, 1.216,  869.
    503.963570, 0.961226, 0.000246, 1.216,  840.
    503.964291, 0.961597, 0.000247, 1.216,  811.
    503.965013, 0.961228, 0.000247, 1.217,  828.
    503.965736, 0.960978, 0.000248, 1.217,  826.
    503.966458, 0.961300, 0.000251, 1.217,  804.
    503.967181, 0.961563, 0.000250, 1.218,  799.
    503.967903, 0.960668, 0.000249, 1.218,  826.
    503.968625, 0.961840, 0.000249, 1.218,  822.
    503.969347, 0.960716, 0.000247, 1.218,  744.
    503.970069, 0.962307, 0.000248, 1.219,  787.
    503.970792, 0.960435, 0.000246, 1.219,  798.
    503.971514, 0.959971, 0.000247, 1.219,  839.
    503.972237, 0.959364, 0.000247, 1.220,  842.
    503.972959, 0.961417, 0.000247, 1.220,  852.
    503.973681, 0.960198, 0.000246, 1.221,  839.
    503.974403, 0.960027, 0.000246, 1.221,  903.
    503.975125, 0.959805, 0.000247, 1.221,  883.
    503.975847, 0.958523, 0.000247, 1.222,  882.
    503.976569, 0.960384, 0.000247, 1.222,  844.
    503.977292, 0.959936, 0.000247, 1.222,  840.
    503.978014, 0.958328, 0.000250, 1.223,  862.
    503.978736, 0.959519, 0.000251, 1.223,  887.
    503.979458, 0.958585, 0.000256, 1.224,  959.
    503.980180, 0.958307, 0.000257, 1.224,  982.
    503.980903, 0.957088, 0.000255, 1.224, 1018.
    503.981625, 0.958255, 0.000255, 1.225, 1022.
    503.982347, 0.957041, 0.000252, 1.225,  997.
    503.983069, 0.958016, 0.000255, 1.226,  996.
    503.983791, 0.956077, 0.000253, 1.226,  984.
    503.984514, 0.955813, 0.000252, 1.227,  927.
    503.985237, 0.957877, 0.000251, 1.227,  932.
    503.985959, 0.957891, 0.000251, 1.228,  931.
    503.986681, 0.956945, 0.000251, 1.228,  862.
    503.987403, 0.958508, 0.000252, 1.228,  853.
    503.988125, 0.956494, 0.000250, 1.229,  945.
    503.988848, 0.957089, 0.000250, 1.229,  975.
    503.989570, 0.958208, 0.000249, 1.230,  921.
    503.990292, 0.958987, 0.000249, 1.230,  900.
    503.991015, 0.956985, 0.000247, 1.231,  858.
    503.991737, 0.957223, 0.000248, 1.231,  938.
    503.992459, 0.957600, 0.000249, 1.232,  984.
    503.993181, 0.957855, 0.000249, 1.232,  972.
    503.993904, 0.958330, 0.000249, 1.233,  988.
    503.994626, 0.957584, 0.000248, 1.234,  979.
    503.995348, 0.959018, 0.000247, 1.234,  976.
    503.996070, 0.958126, 0.000248, 1.235, 1009.
    503.996792, 0.957311, 0.000248, 1.235, 1008.
    503.997514, 0.955718, 0.000250, 1.236,  954.
    503.998237, 0.955985, 0.000249, 1.236, 1015.
    503.998959, 0.956618, 0.000251, 1.237, 1046.
    503.999681, 0.957666, 0.000251, 1.237, 1014.
    504.000403, 0.955855, 0.000250, 1.238, 1028.
    504.001125, 0.956574, 0.000252, 1.239,  986.
    504.001847, 0.955315, 0.000250, 1.239,  963.
    504.002569, 0.957965, 0.000251, 1.240,  963.
    504.003292, 0.956421, 0.000248, 1.240,  989.
    504.004014, 0.956897, 0.000249, 1.241,  996.
    504.004736, 0.957690, 0.000250, 1.242,  995.
    504.005458, 0.956673, 0.000249, 1.242,  967.
    504.006180, 0.955873, 0.000248, 1.243,  885.
    504.006903, 0.958453, 0.000250, 1.244,  883.
    504.007625, 0.957052, 0.000249, 1.244,  952.
    504.008347, 0.955970, 0.000249, 1.245,  975.
    504.009069, 0.956128, 0.000249, 1.245,  975.
    504.009791, 0.956569, 0.000250, 1.246,  967.
    504.010513, 0.955788, 0.000249, 1.247,  913.
    504.011235, 0.954364, 0.000250, 1.247,  870.
    504.011957, 0.957851, 0.000249, 1.248,  848.
    504.012679, 0.956927, 0.000251, 1.249,  812.
    504.013401, 0.956597, 0.000251, 1.250,  898.
    504.014123, 0.956780, 0.000251, 1.250,  875.
    504.014845, 0.957489, 0.000251, 1.251,  839.
    504.015567, 0.956564, 0.000249, 1.252,  862.
    504.016290, 0.955284, 0.000250, 1.252,  868.
    504.017012, 0.958630, 0.000251, 1.253,  865.
    504.017734, 0.956399, 0.000251, 1.254,  913.
    504.018456, 0.955387, 0.000249, 1.255,  923.
    504.019178, 0.957978, 0.000248, 1.255,  856.
    504.019900, 0.956429, 0.000250, 1.256,  844.
    504.020622, 0.955982, 0.000249, 1.257,  881.
    504.021345, 0.954700, 0.000249, 1.258,  926.
    504.022067, 0.955451, 0.000249, 1.258,  888.
    504.022789, 0.956418, 0.000250, 1.259,  847.
    504.023512, 0.955559, 0.000249, 1.260,  866.
    504.024234, 0.955601, 0.000248, 1.261,  872.
    504.024956, 0.957708, 0.000247, 1.261,  904.
    504.025678, 0.957327, 0.000249, 1.262,  842.
    504.026400, 0.956505, 0.000247, 1.263,  861.
    504.027122, 0.954688, 0.000250, 1.264,  911.
    504.027844, 0.958293, 0.000250, 1.265,  954.
    504.028566, 0.958271, 0.000249, 1.265,  953.
    504.029288, 0.955491, 0.000249, 1.266,  895.
    504.030011, 0.957592, 0.000251, 1.267,  845.
    504.030732, 0.957012, 0.000249, 1.268,  887.
    504.031454, 0.956599, 0.000249, 1.269,  882.
    504.032177, 0.956562, 0.000251, 1.270,  881.
    504.032899, 0.957585, 0.000249, 1.271,  813.
    504.033621, 0.957718, 0.000251, 1.271,  858.
    504.034343, 0.957704, 0.000253, 1.272,  947.
    504.035065, 0.952048, 0.000251, 1.273,  929.
    504.035788, 0.956686, 0.000250, 1.274,  900.
    504.036510, 0.956205, 0.000250, 1.275,  870.
    504.037232, 0.956046, 0.000249, 1.276,  950.
    504.037954, 0.955599, 0.000248, 1.277,  889.
    504.038676, 0.954107, 0.000246, 1.278,  877.
    504.039398, 0.958669, 0.000248, 1.279,  819.
    504.040120, 0.958373, 0.000247, 1.279,  798.
    504.040842, 0.955406, 0.000248, 1.280,  834.
    504.041564, 0.955251, 0.000249, 1.281,  870.
    504.042287, 0.953856, 0.000247, 1.282,  885.
    504.043009, 0.957233, 0.000247, 1.283,  887.
    504.043731, 0.958556, 0.000245, 1.284,  890.
    504.044453, 0.958342, 0.000246, 1.285,  878.
    504.045175, 0.957363, 0.000245, 1.286,  887.
    504.045897, 0.956746, 0.000247, 1.287,  853.
    504.046620, 0.957234, 0.000247, 1.288,  789.
    504.047342, 0.955012, 0.000245, 1.289,  869.
    504.048064, 0.953206, 0.000246, 1.290,  833.
    504.048786, 0.959437, 0.000247, 1.291,  774.
    504.049508, 0.957171, 0.000247, 1.292,  810.
    504.050230, 0.958810, 0.000246, 1.293,  837.
    504.050952, 0.955708, 0.000245, 1.294,  857.
    504.051674, 0.959197, 0.000247, 1.295,  872.
    504.052396, 0.955573, 0.000246, 1.296,  883.
    504.053118, 0.955699, 0.000246, 1.297,  813.
    504.053840, 0.957180, 0.000246, 1.298,  812.
    504.054563, 0.957914, 0.000247, 1.299,  750.
    504.055284, 0.960689, 0.000247, 1.300,  721.
    504.056007, 0.957770, 0.000246, 1.301,  740.
    504.056729, 0.960140, 0.000247, 1.302,  750.
    504.057451, 0.960300, 0.000247, 1.304,  766.
    504.058173, 0.957957, 0.000246, 1.305,  737.
    504.058895, 0.960688, 0.000247, 1.306,  757.
    504.059617, 0.961422, 0.000248, 1.307,  768.
    504.060339, 0.961541, 0.000247, 1.308,  689.
    504.061061, 0.961746, 0.000248, 1.309,  701.
    504.061783, 0.960133, 0.000248, 1.310,  663.
    504.062505, 0.959767, 0.000247, 1.311,  667.
    504.063227, 0.959551, 0.000247, 1.312,  662.
    504.063949, 0.961186, 0.000248, 1.314,  616.
    504.064672, 0.961759, 0.000248, 1.315,  635.
    504.065394, 0.960472, 0.000247, 1.316,  649.
    504.066116, 0.961548, 0.000247, 1.317,  661.
    504.066838, 0.960011, 0.000248, 1.318,  674.
    504.067560, 0.961232, 0.000248, 1.319,  620.
    504.068283, 0.960259, 0.000247, 1.320,  629.
    504.069005, 0.959719, 0.000246, 1.322,  585.
    504.069727, 0.959606, 0.000247, 1.323,  620.
    504.070449, 0.960219, 0.000247, 1.324,  611.
    504.071171, 0.959868, 0.000248, 1.325,  607.
    504.071893, 0.959934, 0.000247, 1.326,  579.
    504.072616, 0.959807, 0.000247, 1.328,  585.
    504.073338, 0.961743, 0.000247, 1.329,  561.
    504.074060, 0.959950, 0.000247, 1.330,  580.
    504.074782, 0.960843, 0.000248, 1.331,  510.
    504.075504, 0.960433, 0.000248, 1.333,  495.
    504.076226, 0.960953, 0.000250, 1.334,  526.
    504.076949, 0.959745, 0.000249, 1.335,  514.
    504.077671, 0.961499, 0.000250, 1.336,  442.
    504.078394, 0.961449, 0.000251, 1.338,  408.
    504.079117, 0.960665, 0.000250, 1.339,  450.
    504.079839, 0.959291, 0.000250, 1.340,  436.
    504.080561, 0.962779, 0.000253, 1.341,  415.
    504.081283, 0.962130, 0.000252, 1.343,  421.
    504.082005, 0.961492, 0.000252, 1.344,  444.
    504.082728, 0.961018, 0.000252, 1.345,  450.
    504.083450, 0.961166, 0.000251, 1.347,  443.
    504.084172, 0.959115, 0.000251, 1.348,  433.
    504.084894, 0.959353, 0.000251, 1.349,  435.
    504.085616, 0.962402, 0.000251, 1.351,  438.
    504.086338, 0.961030, 0.000251, 1.352,  433.
    504.087060, 0.962008, 0.000250, 1.353,  423.
    504.087782, 0.961621, 0.000250, 1.355,  421.
    504.088504, 0.962272, 0.000252, 1.356,  434.
    504.089226, 0.964028, 0.000253, 1.357,  424.
    504.089948, 0.960959, 0.000253, 1.359,  394.
    504.090671, 0.962629, 0.000252, 1.360,  416.
    504.091393, 0.961258, 0.000251, 1.362,  451.
    504.092115, 0.961412, 0.000252, 1.363,  421.
    504.092838, 0.963057, 0.000252, 1.364,  449.
    504.093560, 0.961363, 0.000252, 1.366,  439.
    504.094282, 0.962665, 0.000252, 1.367,  443.
    504.095004, 0.962656, 0.000252, 1.369,  411.
    504.095726, 0.962065, 0.000254, 1.370,  420.
    504.096448, 0.962181, 0.000252, 1.371,  415.
    504.097170, 0.960600, 0.000252, 1.373,  434.
    504.097892, 0.962786, 0.000254, 1.374,  430.
    504.098614, 0.963282, 0.000252, 1.376,  418.
    504.099337, 0.961788, 0.000253, 1.377,  405.
    504.100059, 0.963044, 0.000253, 1.379,  412.
    504.100781, 0.962695, 0.000253, 1.380,  371.
    504.101503, 0.963495, 0.000253, 1.382,  319.
    504.102225, 0.962478, 0.000252, 1.383,  296.
    504.102947, 0.963788, 0.000253, 1.385,  288.
    504.103669, 0.963301, 0.000253, 1.386,  274.
    504.104391, 0.963864, 0.000251, 1.388,  330.
    504.105113, 0.963008, 0.000251, 1.389,  333.
    504.105835, 0.964132, 0.000250, 1.391,  325.
    504.106557, 0.964223, 0.000251, 1.392,  283.
    504.107280, 0.964209, 0.000254, 1.394,  284.
    504.108002, 0.965008, 0.000252, 1.395,  302.
    504.108724, 0.964614, 0.000253, 1.397,  299.
    504.109446, 0.963835, 0.000253, 1.398,  283.
    504.110168, 0.963105, 0.000253, 1.400,  287.
    504.110890, 0.963895, 0.000254, 1.402,  277.
    504.111612, 0.964559, 0.000254, 1.403,  209.
    504.112334, 0.964572, 0.000255, 1.405,  204.
    504.113056, 0.963333, 0.000254, 1.406,  244.
    504.113778, 0.963267, 0.000254, 1.408,  246.
    504.114500, 0.964508, 0.000255, 1.409,  209.
    504.115223, 0.964888, 0.000254, 1.411,  197.
    504.115945, 0.962843, 0.000254, 1.413,  222.
    504.116667, 0.965820, 0.000253, 1.414,  219.
    504.117390, 0.963469, 0.000250, 1.416,  310.
    504.118112, 0.964315, 0.000251, 1.418,  315.
    504.118834, 0.965075, 0.000254, 1.419,  258.
    504.119556, 0.964826, 0.000254, 1.421,  233.
    504.120279, 0.966258, 0.000254, 1.423,  215.
    504.121001, 0.965679, 0.000255, 1.424,  130.
    504.121723, 0.964076, 0.000256, 1.426,  139.
    504.122445, 0.965728, 0.000254, 1.428,  185.
    504.123167, 0.963006, 0.000255, 1.429,  166.
    504.123889, 0.964984, 0.000257, 1.431,  201.
    504.124612, 0.966072, 0.000256, 1.433,  212.
    504.125334, 0.964145, 0.000258, 1.434,  246.
    504.126056, 0.966075, 0.000257, 1.436,  198.
    504.126778, 0.965889, 0.000256, 1.438,  226.
    504.127500, 0.966050, 0.000258, 1.439,  222.
